4806,2025-04-23 22:35:16
11578,2025-04-29 22:55:01
12115,2025-04-29 22:55:55
11001,2025-04-29 22:57:11
9722,2025-04-29 22:58:11
12394,2025-04-29 23:00:16
12342,2025-04-29 23:00:28
8374,2025-04-29 23:01:19
18023,2025-04-30 00:13:15
21281,2025-04-30 00:13:15
29887,2025-04-30 00:13:15
24304,2025-04-30 00:13:16
8309,2025-04-30 01:54:53
12532,2025-04-30 06:47:51
17019,2025-04-30 07:32:57
15058,2025-04-30 08:16:03
18102,2025-04-30 09:17:02
16036,2025-04-30 10:50:57
16128,2025-04-30 11:51:10
10560,2025-04-30 12:20:03
17459,2025-04-30 13:21:00
20713,2025-04-30 14:22:02
4023,2025-04-30 15:45:53
20039,2025-04-30 16:54:11
2991,2025-04-30 17:56:57
7249,2025-04-30 20:20:07
6633,2025-04-30 21:07:46
29387,2025-04-30 22:00:09
10003,2025-04-30 23:02:00
17977,2025-05-01 00:15:24
9830,2025-05-01 01:51:14
5396,2025-05-01 02:59:51
6856,2025-05-01 04:20:06
1445,2025-05-01 05:59:00
5024,2025-05-01 06:33:49
5385,2025-05-01 08:11:51
9026,2025-05-01 12:52:13
19125,2025-05-01 16:56:13
26623,2025-05-01 19:45:55
14652,2025-05-01 21:00:14
6503,2025-05-01 23:02:17
18793,2025-05-02 04:00:26
6014,2025-05-02 08:50:58
5380,2025-05-02 09:46:01
13125,2025-05-02 11:10:29
22558,2025-05-02 17:03:51
8124,2025-05-02 18:35:10
12479,2025-05-02 19:33:24
11995,2025-05-02 20:03:13
12859,2025-05-02 21:38:20
20370,2025-05-02 23:38:51
16755,2025-05-03 01:34:10
13908,2025-05-03 04:20:00
17620,2025-05-03 08:09:32
10104,2025-05-03 10:03:04
9896,2025-05-03 12:24:43
12553,2025-05-03 16:05:19
4041,2025-05-03 17:02:24
