17510,2025-04-20 23:39:08
25090,2025-04-21 00:04:48
15914,2025-04-22 23:57:06
18839,2025-04-22 23:58:23
18839,2025-04-22 23:58:30
5464,2025-04-23 00:02:11
4221,2025-04-23 00:06:58
4356,2025-04-23 00:08:51
8744,2025-04-23 22:32:05
9048,2025-04-23 22:35:11
19734,2025-04-29 22:54:56
15490,2025-04-29 22:55:49
13054,2025-04-29 22:57:06
12972,2025-04-29 22:58:06
13181,2025-04-29 23:00:09
13181,2025-04-29 23:00:09
15618,2025-04-29 23:00:23
16690,2025-04-29 23:01:14
25439,2025-04-30 00:13:05
25439,2025-04-30 00:13:05
27454,2025-04-30 00:13:06
27654,2025-04-30 00:13:09
26221,2025-04-30 00:13:11
14193,2025-04-30 01:22:23
22500,2025-04-30 02:12:18
16857,2025-04-30 04:09:53
13346,2025-04-30 06:05:26
14192,2025-04-30 07:04:25
17758,2025-04-30 08:06:15
19909,2025-04-30 09:06:24
19808,2025-04-30 10:12:50
18467,2025-04-30 11:08:32
14909,2025-04-30 12:19:56
10933,2025-04-30 13:20:56
16093,2025-04-30 14:21:57
9223,2025-04-30 15:12:34
11719,2025-04-30 16:03:19
17608,2025-04-30 17:11:21
18897,2025-04-30 18:13:22
11499,2025-04-30 20:15:04
12215,2025-04-30 21:07:39
4799,2025-04-30 22:00:04
13915,2025-04-30 23:01:52
6667,2025-05-01 00:15:17
8712,2025-05-01 01:16:33
7199,2025-05-01 02:06:54
8928,2025-05-01 03:00:05
9208,2025-05-01 04:07:51
7126,2025-05-01 05:08:39
10958,2025-05-01 06:16:23
11535,2025-05-01 07:06:02
13683,2025-05-01 09:17:01
8896,2025-05-01 10:04:10
7608,2025-05-01 12:08:50
11409,2025-05-01 13:07:34
23722,2025-05-01 14:08:51
27636,2025-05-01 16:56:09
21790,2025-05-01 17:12:27
15998,2025-05-01 19:30:15
16160,2025-05-01 20:14:36
15185,2025-05-01 22:01:11
13456,2025-05-01 23:02:13
21369,2025-05-02 00:03:14
15761,2025-05-02 01:13:33
14346,2025-05-02 04:00:21
20037,2025-05-02 05:04:05
19025,2025-05-02 08:08:18
14062,2025-05-02 09:06:32
12908,2025-05-02 10:28:51
14365,2025-05-02 12:28:53
9494,2025-05-02 13:27:01
8390,2025-05-02 15:33:31
8825,2025-05-02 17:00:08
7993,2025-05-02 18:01:07
8376,2025-05-02 19:02:06
8053,2025-05-02 20:03:06
25845,2025-05-02 21:04:08
23494,2025-05-02 22:05:07
22276,2025-05-02 23:06:09
16054,2025-05-03 00:06:18
23115,2025-05-03 01:16:51
27017,2025-05-03 02:07:54
22794,2025-05-03 04:04:13
18230,2025-05-03 05:09:05
18475,2025-05-03 07:02:21
18108,2025-05-03 09:29:49
13967,2025-05-03 11:00:14
10616,2025-05-03 12:07:15
11924,2025-05-03 13:16:04
5979,2025-05-03 15:25:31
7025,2025-05-03 16:05:10
5960,2025-05-03 17:02:17
