10753,2025-04-23 22:35:13
13980,2025-04-29 22:54:59
12701,2025-04-29 22:55:52
14805,2025-04-29 22:57:08
14757,2025-04-29 22:58:09
15882,2025-04-29 23:00:13
15882,2025-04-29 23:00:25
15458,2025-04-29 23:01:17
9916,2025-04-30 00:13:12
9946,2025-04-30 00:13:12
11724,2025-04-30 00:13:12
10160,2025-04-30 00:13:14
12318,2025-04-30 04:25:32
7823,2025-04-30 08:15:59
6513,2025-04-30 09:17:00
9121,2025-04-30 12:20:01
7964,2025-04-30 13:20:59
10270,2025-04-30 14:22:00
8747,2025-04-30 21:07:43
12937,2025-04-30 22:00:06
9009,2025-04-30 23:01:56
11191,2025-05-01 00:15:22
10143,2025-05-01 01:33:51
11147,2025-05-01 03:00:08
11996,2025-05-01 06:33:47
10191,2025-05-01 09:17:05
9941,2025-05-01 10:20:46
10120,2025-05-01 13:23:30
7004,2025-05-01 14:24:37
8917,2025-05-01 16:56:11
9986,2025-05-01 17:28:13
9706,2025-05-01 19:30:17
9881,2025-05-01 22:16:39
11788,2025-05-01 23:02:15
11622,2025-05-02 00:07:29
9018,2025-05-02 04:00:23
10828,2025-05-02 12:28:56
9033,2025-05-02 13:27:04
11569,2025-05-02 15:33:33
8753,2025-05-02 17:03:48
9520,2025-05-02 18:18:36
7879,2025-05-02 19:02:10
12836,2025-05-02 20:03:09
8620,2025-05-02 22:05:11
9464,2025-05-02 23:21:33
9658,2025-05-03 00:06:23
9516,2025-05-03 01:16:54
8594,2025-05-03 02:23:40
8565,2025-05-03 04:19:57
10327,2025-05-03 10:03:02
9051,2025-05-03 11:15:43
7730,2025-05-03 12:24:40
13839,2025-05-03 16:05:15
7645,2025-05-03 17:02:20
